{
  "last_prices": {
    "SPY": 589.3900146484375,
    "QQQ": 519.1099853515625,
    "IWM": 205.07000732421875,
    "VTI": 289.8800048828125,
    "ACWI": 123.6500015258789,
    "IEUR": 65.69999694824219,
    "EEM": 45.52000045776367,
    "ASHR": 26.34000015258789,
    "EWJ": 74.12000274658203,
    "VGT": 606.3699951171875,
    "VHT": 243.75,
    "VFH": 122.87999725341797,
    "VDE": 114.20999908447266,
    "VNQ": 89.31999969482422,
    "ICLN": 12.670000076293945,
    "HACK": 81.83999633789062,
    "BOTZ": 30.899999618530273
  },
  "last_notification": "",
  "alerts": {}
}